element,feasibility_score,dimension,rationale
배송 만족도,0.85,활용 용이성,물류 인프라가 이미 구축되어 있어 마케팅 차별화에 즉시 활용 가능
제품 품질 만족도,0.80,활용 용이성,품질 관리 체계가 안정적이며 브랜드 신뢰도로 전환 용이
반품 및 환불 정책 만족도,0.55,개선 가능성,정책 변경은 가능하나 비용 증가와 악용 리스크 존재
가격 만족도,0.40,개선 가능성,가격 인하는 마진 압박이 크고 구조적 원가 절감이 선행 필요
모바일 전자기기 매출 성장률,0.75,활용 용이성,기존 유통 채널과 고객 기반을 즉시 활용 가능
스마트홈 매출 성장률,0.60,활용 용이성,성장세가 있으나 아직 조직 내 전문성이 부족
가전제품 매출 성장률,0.45,개선 가능성,시장 성숙기로 추가 성장을 위해 대규모 투자 필요
컴퓨터 매출 성장률,0.50,개선 가능성,경쟁 심화 속 차별화 포인트 확보가 어려움
음향기기 매출 성장률,0.55,개선 가능성,니치 시장 공략 가능하나 규모의 경제 한계
모바일 전자기기 고객 리뷰 반응,0.70,활용 용이성,긍정 리뷰를 마케팅 소재로 활용 가능
가전제품 고객 리뷰 반응,0.50,개선 가능성,부정 리뷰 원인 개선에 제품 개발 주기 소요
컴퓨터 고객 리뷰 반응,0.45,개선 가능성,기술 지원 체계 강화에 인력 투자 필요
스마트홈 고객 리뷰 반응,0.65,활용 용이성,얼리어답터 충성도가 높아 구전 효과 기대
음향기기 고객 리뷰 반응,0.55,활용 용이성,마니아층 존재하나 대중 시장 확장에 한계
스마트홈 시장 환경,0.75,포착 가능성,시장 초기 단계로 선점 효과가 크고 진입 장벽이 낮음
모바일 전자기기 시장 환경,0.50,대응 가능성,시장은 크지만 글로벌 경쟁이 치열
가전제품 시장 환경,0.40,대응 가능성,성숙 시장에서 점유율 방어에 마케팅 비용 증가
컴퓨터 시장 환경,0.35,대응 가능성,경쟁 강도 최고 수준으로 수익성 방어 어려움
음향기기 시장 환경,0.40,대응 가능성,경쟁사 다수이고 기술 차별화 비용이 높음
온라인 쇼핑 증가 트렌드,0.85,포착 가능성,이미 온라인 채널 운영 중이며 확장 인프라 확보
인공지능 기술 발전 트렌드,0.60,포착 가능성,기술 도입 의지는 있으나 전문 인력 확보에 시간 소요
디지털 결제 확산 트렌드,0.80,포착 가능성,결제 시스템 연동이 비교적 용이
친환경 제품 선호 트렌드,0.55,포착 가능성,제품 라인 전환에 R&D 투자와 공급망 재편 필요
5G 기술 상용화 트렌드,0.50,포착 가능성,통신사 협력 등 외부 의존도가 높음
구독 경제 성장 트렌드,0.65,포착 가능성,구독 모델 설계는 가능하나 고객 전환에 시간 필요
스마트홈 보급 확대 트렌드,0.70,포착 가능성,기존 스마트홈 라인업과 시너지 가능
경기 침체 트렌드,0.45,대응 가능성,비용 절감은 가능하나 수요 감소를 완전히 상쇄하기 어려움
중고 거래 활성화 트렌드,0.35,대응 가능성,신제품 가치 차별화가 어렵고 가격 하방 압력
개인정보 보호 강화 트렌드,0.50,대응 가능성,규제 대응 체계 구축에 법무/IT 투자 필요
AR/VR 기술 확산 트렌드,0.45,포착 가능성,기술 성숙도가 아직 낮고 투자 대비 수익 불확실
공급망 불안정 트렌드,0.40,대응 가능성,공급처 다변화에 시간과 비용 소요
